,val accuracy,val loss
0,78.16129032258064,1.135677438750538
1,78.16129032258064,1.1373763329965116
2,78.16129032258064,1.0955377645384403
